Raymond Machira,Raymond is nullam dapibus libero ut felis tristique ut aliquet dolor pharetra.
Ellen Galperin,Ellen is curabitur imperdiet ipsum at mattis congue.
Louis Wheeler,Louis is praesent eu arcu laoreet aliquam erat vestibulum tristique nisl.
Mary Shelley,Mary is etiam sed velit consequat hendrerit nulla ac dapibus nunc.
Angelina Jolie,Angelina is vivamus nec diam vestibulum porttitor risus sit amet faucibus mauris.
Scarlett Johansson,Scarlett is integer sit amet nisi aliquet blandit felis vitae fringilla augue.
Meryl Streep,Meryl is phasellus interdum turpis imperdiet nibh accumsan id sagittis nibh auctor.
Brad Pitt,Brad is morbi condimentum felis vel tellus luctus posuere.
Tom Hanks,Tom is pellentesque vulputate ligula ut bibendum dictum.
Johnny Depp,Johnny is donec efficitur risus vel dolor fringilla faucibus.
Leo DiCaprio,Leo is ut ut neque eget sem convallis tincidunt.
Tom Cruise,Tom is fusce eu leo blandit ultrices justo id cursus tortor.
Robert Downey Jr,Robert is donec molestie mauris non enim maximus porta ac sed nisi.
Natalie Portman,Natalie is vestibulum ac enim faucibus cursus eros at cursus ex.
Sandra Bullock,Sandra is sroin sed augue a ante aliquam viverra posuere ut sapien.
